image,ALB,BET,DOL,LAG,NoF,OTHER,SHARK,YFT
img_00005.jpg,0.0810180286962,0.0766543335523,0.133256168227,0.0471530527612,0.485858195684,0.114479292018,0.0412392469321,0.0203416821286
